time,open,close,high
1620669600,57115.4177259445,57101.940410571384,57195.29252563625
1620666000,57601.53355506202,57115.4177259445,57722.40933740998
1620662400,58536.38648566967,57601.53355506202,58578.61377913773
1620658800,57025.362649502495,58536.38648566967,58536.38648566967
1620655200,57691.71928033556,57025.362649502495,57735.60514914942
1620651600,57618.44560828038,57691.71928033556,57976.195150803826
1620648000,58126.62740453711,57618.44560828038,58293.64234574299
1620644400,57872.1861126162,58126.62740453711,58325.46309568886
1620640800,57913.69817441227,57872.1861126162,58170.09917836712
1620637200,58416.82410646294,57913.69817441227,58607.527762067955
1620633600,58462.53040917884,58416.82410646294,58516.14709491027
1620630000,58897.962866848495,58462.53040917884,58972.43833305749
1620626400,59100.39057620227,58897.962866848495,59230.52363908428
1620622800,59256.838824676604,59100.39057620227,59472.55795478197
1620619200,59483.94796584417,59256.838824676604,59550.900958075814
1620615600,59010.15357264602,59483.94796584417,59483.94796584417
1620612000,58907.657902471416,59010.15357264602,59082.42001977429
1620608400,58946.79754297255,58907.657902471416,59001.5554911004
1620604800,58340.68652745072,58946.79754297255,58946.79754297255
1620601200,57970.81599554124,58340.68652745072,58451.164413642975
1620597600,58164.48980842616,57970.81599554124,58265.294606843905
1620594000,57914.72727621332,58164.48980842616,58183.587228113065
1620590400,57424.11050806021,57914.72727621332,57937.083671452456
1620586800,57522.59841048871,57424.11050806021,57596.17464956306
1620583200,57464.484230729024,57522.59841048871,57652.421591321094
1620579600,57634.65547030583,57464.484230729024,57699.776600020174
1620576000,57412.37760435555,57634.65547030583,57827.02280708591
1620572400,57213.67728823621,57412.37760435555,57419.550116636165
1620568800,57267.01393049845,57213.67728823621,57421.30809876765
1620565200,56412.38312500518,57267.01393049845,57295.16825965203
1620561600,57942.26109805641,56412.38312500518,57949.66806686017
1620558000,58062.84108330159,57942.26109805641,58190.59607193722
1620554400,57858.68493475165,58062.84108330159,58062.84108330159
1620550800,58173.9396157922,57858.68493475165,58347.07300111914
1620547200,58042.60722567641,58173.9396157922,58239.28834646993
1620543600,58348.38826596325,58042.60722567641,58420.671748022396
1620540000,58494.174172036604,58348.38826596325,58583.25607970768
1620536400,58250.959455589305,58494.174172036604,58557.73220313368
1620532800,58704.743409136485,58250.959455589305,58831.70917067386
1620529200,58716.199748515806,58704.743409136485,59054.693835092374
1620525600,59151.3809131271,58716.199748515806,59192.237467895015
1620522000,58617.64289119006,59151.3809131271,59255.18534730065
1620518400,59014.62528837795,58617.64289119006,59091.51815783591
1620514800,58663.813784451064,59014.62528837795,59014.62528837795
1620511200,58858.67967873517,58663.813784451064,59107.03514133253
1620507600,59005.76944527381,58858.67967873517,59127.60275670052
1620504000,59107.44298273312,59005.76944527381,59504.703045956674
1620500400,59111.375223466304,59107.44298273312,59325.07194669911
1620496800,59050.50004933542,59111.375223466304,59275.08388176302
1620493200,58401.389027057,59050.50004933542,59050.50004933542
1620489600,57835.635473810435,58401.389027057,58523.824860223904
1620486000,59004.4442096364,57835.635473810435,59004.4442096364
1620482400,58903.67161972391,59004.4442096364,59110.343568481534
1620478800,58930.39492539901,58903.67161972391,59450.33072778807
1620475200,58507.54125813757,58930.39492539901,59067.199456899245
1620471600,58627.72119061403,58507.54125813757,58844.4802357288
1620468000,58886.08451091606,58627.72119061403,58914.197561723595
1620464400,58919.80602015285,58886.08451091606,59165.973663399855
1620460800,58657.10419167273,58919.80602015285,59371.842384462376
1620457200,57830.98204856981,58657.10419167273,58657.10419167273
1620453600,57996.030017050885,57830.98204856981,57997.81243303478
1620450000,58045.77333473936,57996.030017050885,58118.16718236612
1620446400,58087.71130026909,58045.77333473936,58611.432906562004
1620442800,58366.385886197924,58087.71130026909,58435.445480539565
1620439200,57664.65981925163,58366.385886197924,58366.385886197924
1620435600,57740.70954792728,57664.65981925163,57810.573840115125
1620432000,57360.688672435346,57740.70954792728,57743.692651702
1620428400,57069.66888455963,57360.688672435346,57408.60411855637
1620424800,57386.224040073575,57069.66888455963,57579.11269105423
1620421200,57666.197653297524,57386.224040073575,57669.297791388104
1620417600,57727.0557121995,57666.197653297524,58087.361778332335
1620414000,57948.92430688603,57727.0557121995,57988.05735031529
1620410400,58146.62792861391,57948.92430688603,58166.65428315368
1620406800,58580.78537301958,58146.62792861391,58652.1056517347
1620403200,57557.49565696164,58580.78537301958,58580.78537301958
1620399600,57169.29441690275,57557.49565696164,57626.80208016573
1620396000,57081.85846504214,57169.29441690275,57250.36526435621
1620392400,57600.665488520215,57081.85846504214,57678.78621418443
1620388800,56577.63895708813,57600.665488520215,57600.665488520215
1620385200,56516.38419919674,56577.63895708813,56810.557283018104
1620381600,56389.201167589315,56516.38419919674,56669.38324641324
1620378000,56246.67635380455,56389.201167589315,56440.774153131766
1620374400,55773.86293584711,56246.67635380455,56246.67635380455
1620370800,56132.6690021871,55773.86293584711,56284.752036244434
1620367200,55794.26336385494,56132.6690021871,56193.0090683773
1620363600,55870.79139401457,55794.26336385494,56071.511865068285
1620360000,55773.35046695996,55870.79139401457,55886.3043980148
1620356400,55783.75783728756,55773.35046695996,56049.52655651391
1620352800,56265.99217982562,55783.75783728756,56359.38534255945
1620349200,56459.95268781361,56265.99217982562,56523.282579895225
1620345600,56284.58575720354,56459.95268781361,57038.27059706298
1620342000,56542.25239028293,56284.58575720354,56792.30524909358
1620338400,56344.201312735255,56542.25239028293,56558.241542805794
1620334800,55974.58221614621,56344.201312735255,56450.74103181048
1620331200,56166.46120032539,55974.58221614621,56203.3853174167
1620327600,55891.178025419504,56166.46120032539,56324.94737604532
1620324000,56875.093890002594,55891.178025419504,56970.25995363121
1620320400,56877.04275406033,56875.093890002594,57129.28856015665
1620316800,57204.66201002951,56877.04275406033,57448.37532987054
1620313200,57254.20990162631,57204.66201002951,57389.71731632462
1620309600,57315.10733605977,57254.20990162631,57431.18995982447
1620306000,57693.39174851174,57315.10733605977,57756.83451014823
1620302400,58060.92759630847,57693.39174851174,58073.310952143285
1620298800,57962.328726915206,58060.92759630847,58158.19488577343
1620295200,57289.62798989985,57962.328726915206,58325.68326258672
1620291600,57025.44481410757,57289.62798989985,57312.37501575706
1620288000,57038.94899725102,57025.44481410757,57216.96227837065
1620284400,56600.9945361026,57038.94899725102,57038.94899725102
1620280800,57082.6824280767,56600.9945361026,57228.495123943176
1620277200,56960.113371644125,57082.6824280767,57361.96255145691
1620273600,56893.11565774377,56960.113371644125,57475.18786753932
1620270000,57051.29330484773,56893.11565774377,57051.29330484773
1620266400,56867.828264287426,57051.29330484773,57176.25371916804
1620262800,56970.2628240279,56867.828264287426,57213.96953073278
1620259200,57560.68910981051,56970.2628240279,57562.766913781255
1620255600,57173.99394106915,57560.68910981051,57560.68910981051
1620252000,56862.69783406745,57173.99394106915,57568.143018448696
1620248400,56874.90274039416,56862.69783406745,56976.40437812122
1620244800,57077.71930874254,56874.90274039416,57226.9622690211
1620241200,57390.420179460096,57077.71930874254,57493.722710305556
1620237600,57356.153125948,57390.420179460096,57524.14101173757
1620234000,57445.89565840725,57356.153125948,57718.82701465366
1620230400,57806.79073930974,57445.89565840725,57911.74619932217
1620226800,56941.870184729974,57806.79073930974,57806.79073930974
1620223200,56162.0888472607,56941.870184729974,56960.35046799169
1620219600,55733.101396192105,56162.0888472607,56259.85231736425
1620216000,55175.88890108736,55733.101396192105,55733.101396192105
1620212400,55616.726541517346,55175.88890108736,55693.354748159196
1620208800,55396.05870532707,55616.726541517346,55812.016135679434
1620205200,55430.39495366171,55396.05870532707,55473.875533328996
1620201600,54973.044798736635,55430.39495366171,55539.10218207783
1620198000,54459.74896761007,54973.044798736635,55024.960338588535
1620194400,54609.371456393645,54459.74896761007,54747.818163492644
1620190800,54389.18985156813,54609.371456393645,54895.39046918564
1620187200,54854.72585564135,54389.18985156813,55266.05503493775
1620183600,55053.35050914317,54854.72585564135,55220.68538572376
1620180000,54767.906252126755,55053.35050914317,55331.21634341358
1620176400,54588.55850500518,54767.906252126755,54994.242043106016
1620172800,53052.472909786666,54588.55850500518,54737.42751585121
1620169200,54044.50732716481,53052.472909786666,54201.78390384341
1620165600,54396.74544165041,54044.50732716481,54431.98025437019
1620162000,54642.72428484649,54396.74544165041,54803.75606954238
1620158400,54630.167413094736,54642.72428484649,54816.40814414436
1620154800,54558.24805870847,54630.167413094736,54630.167413094736
1620151200,54196.246084502425,54558.24805870847,54715.49946649664
1620147600,54044.20763202748,54196.246084502425,54293.558820306425
1620144000,53848.075760037886,54044.20763202748,54278.1739548048
1620140400,54856.0073170752,53848.075760037886,54884.797535365986
1620136800,55509.127895357364,54856.0073170752,55518.40078553272
1620133200,55955.249565188824,55509.127895357364,56095.516622910465
1620129600,56144.70283015327,55955.249565188824,56259.505479376116
1620126000,56387.77661727644,56144.70283015327,56411.040424104816
1620122400,56091.427647256896,56387.77661727644,56598.38861236609
1620118800,55900.3781088686,56091.427647256896,56321.51522274926
1620115200,55956.346223817694,55900.3781088686,55999.249468348986
1620111600,56148.35465637217,55956.346223817694,56352.39402081002
1620108000,56058.44551373878,56148.35465637217,56164.922250761614
1620104400,55877.97668764829,56058.44551373878,56180.36307003951
1620100800,55468.035700004046,55877.97668764829,55877.97668764829
1620097200,55739.231927200046,55468.035700004046,55956.60058456708
1620093600,55749.487972822215,55739.231927200046,55964.11791190646
1620090000,55455.9395040713,55749.487972822215,55828.60478843789
1620086400,57178.692504145925,55455.9395040713,57195.471155037085
1620082800,57232.45405444206,57178.692504145925,57466.53995230152
1620079200,57191.738828671296,57232.45405444206,57387.04279739562
1620075600,56816.87694371641,57191.738828671296,57191.738828671296
1620072000,57437.27530016017,56816.87694371641,57525.06574746607
1620068400,57822.35966105393,57437.27530016017,57822.35966105393
1620064800,57951.65566631524,57822.35966105393,58064.38626367982
1620061200,57684.15921183748,57951.65566631524,58173.74766649777
1620057600,57745.58958074325,57684.15921183748,57876.1028246955
1620054000,57865.71745611484,57745.58958074325,58036.84604656913
1620050400,57801.722998020254,57865.71745611484,58178.556968384335
1620046800,58580.30690577947,57801.722998020254,58637.497781663464
1620043200,58715.92196497599,58580.30690577947,58762.24262485532
1620039600,58508.39593970168,58715.92196497599,58918.48523313438
1620036000,58493.035049028964,58508.39593970168,58633.861615848036
1620032400,58730.37609588928,58493.035049028964,58800.90386592329
1620028800,58803.56284190657,58730.37609588928,58918.08911802016
1620025200,57953.90526125512,58803.56284190657,58813.72898372769
1620021600,57976.30181042697,57953.90526125512,58057.053067841276
1620018000,57842.1791998012,57976.30181042697,58081.26498591714
1620014400,57961.71910510599,57842.1791998012,58040.6943277065
1620010800,58116.110470965585,57961.71910510599,58196.853326669174
1620007200,58128.020334359855,58116.110470965585,58237.800760755286
1620003600,57452.754450961074,58128.020334359855,58149.724422646825
1620000000,56626.921186575295,57452.754450961074,57584.134245483365
1619996400,56407.40055996843,56626.921186575295,56633.013347295666
1619992800,56730.855302178934,56407.40055996843,56762.5379356498
1619989200,57032.99333815654,56730.855302178934,57139.327512330936
1619985600,56976.905917249744,57032.99333815654,57086.345742792386
1619982000,56876.75030283636,56976.905917249744,56976.905917249744
1619978400,56818.77253084883,56876.75030283636,56930.5418088494
1619974800,56595.009762231624,56818.77253084883,56855.06902789767
1619971200,56540.49335649303,56595.009762231624,56756.052653318686
1619967600,56883.1459030041,56540.49335649303,56883.1459030041
1619964000,56795.01730571221,56883.1459030041,56983.57819751687
1619960400,56879.70072621281,56795.01730571221,56918.70254613959
1619956800,57030.15067950887,56879.70072621281,57237.91023248878
1619953200,56835.48387049626,57030.15067950887,57030.15067950887
1619949600,56496.815224275015,56835.48387049626,56920.556574177506
1619946000,56462.79770263961,56496.815224275015,56623.17500949616
1619942400,56761.840833969414,56462.79770263961,56763.50925298679
1619938800,56836.947407491265,56761.840833969414,56982.951193872046
1619935200,57038.28065794926,56836.947407491265,57049.42529220858
1619931600,56913.546797898176,57038.28065794926,57083.273719201236
1619928000,56544.32177065538,56913.546797898176,56924.34514556435
1619924400,57695.78311110658,56544.32177065538,57698.38896379569
1619920800,57465.50326932934,57695.78311110658,57716.5760100168
1619917200,57416.306765487505,57465.50326932934,57508.94030554478
1619913600,57838.77056233021,57416.306765487505,57925.4349854256
1619910000,57631.92918828493,57838.77056233021,57944.999895688255
1619906400,57429.21171187891,57631.92918828493,57697.33744654317
1619902800,57638.3540957045,57429.21171187891,57725.56227599824
1619899200,57834.33689971719,57638.3540957045,57902.488558137884
1619895600,57610.04520898896,57834.33689971719,57965.03263634374
1619892000,57601.645575086346,57610.04520898896,57669.929624434284
1619888400,57507.965922022166,57601.645575086346,57736.07530725395
1619884800,57387.94092575594,57507.965922022166,57667.068507670454
1619881200,57452.24983484189,57387.94092575594,57467.743750416754
1619877600,57690.90064400185,57452.24983484189,57694.69939195499
1619874000,57894.56118886995,57690.90064400185,57999.14723764882
1619870400,57832.377043678265,57894.56118886995,58062.20332834966
1619866800,57503.57672643417,57832.377043678265,57840.6012959508
1619863200,57503.30346958285,57503.57672643417,57662.86594734375
1619859600,57526.838863286954,57503.30346958285,57811.45191684895
1619856000,57812.40724148575,57526.838863286954,57940.7328221358
1619852400,57989.49987912289,57812.40724148575,58036.48698015621
1619848800,58136.617626342675,57989.49987912289,58233.948570627
1619845200,57955.18352698473,58136.617626342675,58402.29252155877
1619841600,58205.2059129595,57955.18352698473,58261.67432136629
1619838000,58166.37618968867,58205.2059129595,58267.690958573905
1619834400,58461.99778712534,58166.37618968867,58473.1436606246
1619830800,57819.201162152545,58461.99778712534,58466.31075904553
1619827200,57709.74890245415,57819.201162152545,58094.75290737405
1619823600,57249.75514862703,57709.74890245415,57949.54142554372
1619820000,57010.816030296475,57249.75514862703,57380.677035020875
1619816400,56888.938140010374,57010.816030296475,57093.929256538315
1619812800,56895.32797258341,56888.938140010374,57071.14493902319
1619809200,56920.91652360245,56895.32797258341,57072.707575202985
1619805600,56619.7121628623,56920.91652360245,57039.836493742085
1619802000,56803.116473373484,56619.7121628623,56821.10925298276
1619798400,57270.664239150195,56803.116473373484,57318.20344216847
1619794800,56171.06196691333,57270.664239150195,57270.664239150195
1619791200,56153.33318855957,56171.06196691333,56266.27201195494
1619787600,54696.47986913838,56153.33318855957,56153.33318855957
1619784000,54349.03140801017,54696.47986913838,54729.32181393535
1619780400,54221.62575675178,54349.03140801017,54401.44600169262
1619776800,54394.37676540208,54221.62575675178,54509.11209443989
1619773200,54657.17307645318,54394.37676540208,54788.28923329052
1619769600,54454.10306732816,54657.17307645318,54657.17307645318
1619766000,54454.76739991909,54454.10306732816,54528.74115855411
1619762400,54331.652125379755,54454.76739991909,54456.27066470431
1619758800,54186.48992771545,54331.652125379755,54331.652125379755
1619755200,53891.04319483747,54186.48992771545,54235.24484447394
1619751600,53635.52125275146,53891.04319483747,53891.04319483747
1619748000,53424.48128171657,53635.52125275146,53635.52125275146
1619744400,53375.151893772105,53424.48128171657,53602.814478260785
1619740800,53551.87931406422,53375.151893772105,53800.443038639474
1619737200,53441.15234197849,53551.87931406422,53662.04843599315
1619733600,53322.58707819482,53441.15234197849,53455.156391930104
1619730000,52944.17882126607,53322.58707819482,53345.951814096516
1619726400,52927.830329866156,52944.17882126607,53271.08337352923
1619722800,52940.5754783808,52927.830329866156,53022.2946630274
1619719200,52818.27424415685,52940.5754783808,52964.56921059186
1619715600,52960.740511701755,52818.27424415685,53171.732257396085
1619712000,53727.57479282684,52960.740511701755,53800.98861329656
1619708400,53649.929894022,53727.57479282684,53912.28237843181
1619704800,53730.40894481704,53649.929894022,53892.28336376426
1619701200,54432.3972733695,53730.40894481704,54435.231813454215
1619697600,54311.068835923455,54432.3972733695,54516.9642023476
1619694000,54357.23426267852,54311.068835923455,54496.54447433824
1619690400,54660.92424202878,54357.23426267852,54704.486382623916
1619686800,53998.765800518,54660.92424202878,54715.20469604021
1619683200,54466.6109727441,53998.765800518,54482.1661648522
1619679600,54400.756032464975,54466.6109727441,54480.791203176144
1619676000,53943.167750936875,54400.756032464975,54456.5005674323
1619672400,53756.30400011437,53943.167750936875,54000.60695106969
1619668800,54300.10543875383,53756.30400011437,54300.10543875383
1619665200,54571.62979004675,54300.10543875383,54626.94611454771
1619661600,54631.47220491138,54571.62979004675,54743.389290283376
1619658000,54797.81511836061,54631.47220491138,54799.39037746617
1619654400,54930.56198911957,54797.81511836061,55173.029065711
1619650800,54583.968551606304,54930.56198911957,54930.56198911957
1619647200,54849.15464480704,54583.968551606304,54879.82256149653
1619643600,54194.34308921528,54849.15464480704,54903.35408505643
1619640000,55349.36560281807,54194.34308921528,56350.8360797247
1619636400,54963.20716042843,55349.36560281807,55349.36560281807
1619632800,54880.71656363277,54963.20716042843,55041.00602847491
1619629200,54729.770287390085,54880.71656363277,54988.931933305736
1619625600,54558.00610732599,54729.770287390085,54790.87918463189
1619622000,54613.99977111638,54558.00610732599,54627.39088683615
1619618400,54815.7970858054,54613.99977111638,54893.5699956344
1619614800,55185.40662975355,54815.7970858054,55210.28221154772
1619611200,54877.818590660034,55185.40662975355,55308.49010183103
1619607600,54443.71222766228,54877.818590660034,55062.02019633692
1619604000,54282.76156109289,54443.71222766228,54745.75042677907
1619600400,54183.67322337224,54282.76156109289,54397.36323052248
1619596800,54310.701092817,54183.67322337224,54524.531045803014
1619593200,54157.94947510384,54310.701092817,54526.55134594175
1619589600,54707.24090562835,54157.94947510384,54707.24090562835
1619586000,54952.25207927131,54707.24090562835,54985.20590903146
1619582400,54891.92414890271,54952.25207927131,55035.444129800766
1619578800,55180.76466925613,54891.92414890271,55304.097247793965
1619575200,55549.670569185175,55180.76466925613,55680.41935164391
1619571600,55445.33824778817,55549.670569185175,55723.35356284248
1619568000,55147.97479137797,55445.33824778817,55454.2566818768
1619564400,54885.271554805455,55147.97479137797,55147.97479137797
1619560800,55256.766591680134,54885.271554805455,55314.46722706857
1619557200,55020.68554430054,55256.766591680134,55453.93840736763
1619553600,54902.32411299828,55020.68554430054,55109.803628138485
1619550000,54980.57831098865,54902.32411299828,55024.529980503656
1619546400,54851.98636526824,54980.57831098865,55018.673631890415
1619542800,54698.341930160044,54851.98636526824,54948.55764499838
1619539200,55092.70730389058,54698.341930160044,55126.98900823143
1619535600,54979.0121884951,55092.70730389058,55305.767183758806
1619532000,54664.552716949154,54979.0121884951,55067.95124220981
1619528400,54903.616263589276,54664.552716949154,55047.875516525884
1619524800,55231.303000943364,54903.616263589276,55293.85126653325
1619521200,54793.53927573868,55231.303000943364,55248.453379063714
1619517600,54548.0291507827,54793.53927573868,54826.42243884894
1619514000,54557.97520027943,54548.0291507827,54724.01094516486
1619510400,54599.98225867709,54557.97520027943,54953.726178213976
1619506800,54781.03382559774,54599.98225867709,54884.02121911062
1619503200,53940.95514075261,54781.03382559774,54811.16709370591
1619499600,53531.57174694345,53940.95514075261,53972.84779889856
1619496000,53599.0880681964,53531.57174694345,53689.26994175076
1619492400,53905.466226438504,53599.0880681964,53911.6473261802
1619488800,53817.96536643685,53905.466226438504,54014.979980094766
1619485200,53709.494749537196,53817.96536643685,53848.97318247921
1619481600,54028.65321811019,53709.494749537196,54135.25223675457
1619478000,53535.39493209689,54028.65321811019,54054.511850066665
1619474400,53177.03432474011,53535.39493209689,54146.44402556664
1619470800,53129.23222523589,53177.03432474011,53496.43867427853
1619467200,53947.25955301193,53129.23222523589,54077.628811833725
1619463600,54338.300973919264,53947.25955301193,54372.75528712661
1619460000,54062.528806496506,54338.300973919264,54338.300973919264
1619456400,53625.40899783472,54062.528806496506,54345.12830633578
1619452800,53656.6181404476,53625.40899783472,53773.76143392423
1619449200,53651.52435322734,53656.6181404476,53744.14713228492
1619445600,53755.40746297993,53651.52435322734,53886.70817937397
1619442000,53583.988251352974,53755.40746297993,53954.391601782605
1619438400,53719.62309791923,53583.988251352974,53946.55758759776
1619434800,53315.002826313525,53719.62309791923,53723.561007683
1619431200,53453.867643821315,53315.002826313525,53529.62846273559
1619427600,52663.99464689548,53453.867643821315,53488.9377994521
1619424000,52916.40734231671,52663.99464689548,52966.148531803454
1619420400,52882.66317200132,52916.40734231671,53009.103912349434
1619416800,52628.36843886137,52882.66317200132,53077.33902138966
1619413200,52438.030598766876,52628.36843886137,52628.36843886137
1619409600,52409.10482808269,52438.030598766876,52566.71627137881
1619406000,51983.39366457337,52409.10482808269,52409.10482808269
1619402400,52376.144460776515,51983.39366457337,52435.170699487935
1619398800,50907.45281559808,52376.144460776515,52376.144460776515
1619395200,49200.12583517518,50907.45281559808,50907.45281559808
1619391600,48670.604865148445,49200.12583517518,49200.12583517518
1619388000,47606.95474528706,48670.604865148445,48728.18723482545
1619384400,48105.61936660947,47606.95474528706,48380.011460399335
1619380800,49421.064069429245,48105.61936660947,49603.015438170354
1619377200,49724.45150971651,49421.064069429245,49815.578195663365
1619373600,49966.256352674325,49724.45150971651,49981.21973251715
1619370000,50380.646444197715,49966.256352674325,50412.63756087994
1619366400,50328.104193195126,50380.646444197715,50380.646444197715
1619362800,50348.46142397484,50328.104193195126,50525.929420132874
1619359200,49939.52610858026,50348.46142397484,50472.997045458185
1619355600,49888.83824686044,49939.52610858026,50138.853144303095
1619352000,49592.46370553358,49888.83824686044,49897.40563217501
1619348400,49412.553720193864,49592.46370553358,49673.01382912763
1619344800,49322.352390126434,49412.553720193864,49879.46252043444
1619341200,50136.23571052406,49322.352390126434,50195.742240249914
1619337600,49713.983139087235,50136.23571052406,50268.58101410365
1619334000,49425.958284688146,49713.983139087235,49730.086840909964
1619330400,49849.006534370346,49425.958284688146,49893.39331969039
1619326800,49757.156395984464,49849.006534370346,49868.74809044165
1619323200,49790.076127124776,49757.156395984464,49818.65292456334
1619319600,50371.50567415847,49790.076127124776,50373.846297061944
1619316000,50287.22318463544,50371.50567415847,50459.57024333363
1619312400,49883.5967492573,50287.22318463544,50336.31365084541
1619308800,50041.36171628123,49883.5967492573,50348.44366458391
1619305200,50386.89302119558,50041.36171628123,50547.69408058402
1619301600,50891.521729325636,50386.89302119558,50935.463541799356
1619298000,50946.676652285234,50891.521729325636,51010.11047741458
1619294400,50720.34868309248,50946.676652285234,50982.505441745256
1619290800,50642.52227954351,50720.34868309248,50910.96301241413
1619287200,50170.731893835225,50642.52227954351,50771.56999762991
1619283600,49947.92775034357,50170.731893835225,50177.557046342125
1619280000,50238.77236852744,49947.92775034357,50284.196825031926
1619276400,49230.886376325776,50238.77236852744,50250.971005746746
1619272800,49655.355795778785,49230.886376325776,49655.355795778785
1619269200,49592.66539088533,49655.355795778785,49755.14334008209
1619265600,49179.89306503187,49592.66539088533,49788.345480278134
1619262000,49181.77117810812,49179.89306503187,49495.44278785982
1619258400,49613.02081611665,49181.77117810812,49613.02081611665
1619254800,49813.3889728867,49613.02081611665,49845.97245347587
1619251200,49877.53603985139,49813.3889728867,50228.33400588806
1619247600,50296.51242479896,49877.53603985139,50296.51242479896
1619244000,50435.82120501892,50296.51242479896,50558.7708027736
1619240400,50470.05051027596,50435.82120501892,50567.13509067187
1619236800,50125.53832887682,50470.05051027596,50595.58867273103
1619233200,50179.51331474596,50125.53832887682,50449.95873443133
1619229600,49770.20680696358,50179.51331474596,50327.53915261851
1619226000,49959.34779089362,49770.20680696358,50084.9852356049
1619222400,51178.43288830234,49959.34779089362,51184.141079187495
1619218800,50504.943181309245,51178.43288830234,51178.43288830234
1619215200,50461.22875291119,50504.943181309245,50703.7010148445
1619211600,50607.07444029219,50461.22875291119,50938.612588779484
1619208000,50952.9531700088,50607.07444029219,51348.4355302361
1619204400,50544.996520121196,50952.9531700088,50952.9531700088
1619200800,49873.45804053627,50544.996520121196,50808.765281691434
1619197200,49904.01809504387,49873.45804053627,50103.53203896426
1619193600,49993.75759688857,49904.01809504387,50083.916262275445
1619190000,49559.80639799811,49993.75759688857,49993.75759688857
1619186400,49178.000173878485,49559.80639799811,49837.91990747793
1619182800,49333.49750678535,49178.000173878485,49475.441317466466
1619179200,50110.428038848964,49333.49750678535,50219.75570248429
1619175600,49363.95601082857,50110.428038848964,50241.51047903221
1619172000,48300.11552338156,49363.95601082857,49596.1636363793
1619168400,48572.16821735856,48300.11552338156,48748.62714323238
1619164800,47885.9770080285,48572.16821735856,48758.19260473917
1619161200,48891.39744364527,47885.9770080285,49373.8283834289
1619157600,49507.681618743474,48891.39744364527,49509.470086762114
1619154000,49136.641988067524,49507.681618743474,49756.75754614634
1619150400,50257.98509024551,49136.641988067524,50485.64273698793
1619146800,49979.92049840762,50257.98509024551,50394.58742319323
1619143200,51093.48451910524,49979.92049840762,51306.30696473545
1619139600,51528.13005457391,51093.48451910524,51608.355495023025
1619136000,51721.74319394744,51528.13005457391,52058.37669574152
1619132400,51601.94274375184,51721.74319394744,52178.59588761022
1619128800,51675.447349758906,51601.94274375184,52130.46331165709
1619125200,51685.81332052197,51675.447349758906,51908.71357149427
1619121600,52585.430023933906,51685.81332052197,52911.77167693602
1619118000,53200.01307138735,52585.430023933906,53379.57625413231
1619114400,53410.855821015095,53200.01307138735,53517.04464746581
1619110800,54978.482305881116,53410.855821015095,54983.35960986759
1619107200,54634.165792908265,54978.482305881116,55102.71540295701
1619103600,54799.605490471105,54634.165792908265,54802.06445227981
1619100000,54485.68777529816,54799.605490471105,54842.74047771269
1619096400,55072.25591411758,54485.68777529816,55222.00569164903
1619092800,54839.99983246762,55072.25591411758,55449.19163653563
1619089200,53914.688626585696,54839.99983246762,55116.673474640105
1619085600,54296.459935544175,53914.688626585696,54382.30090880467
1619082000,53564.158827632295,54296.459935544175,54296.459935544175
1619078400,54218.875563101494,53564.158827632295,54219.0735819537
1619074800,54525.26016246341,54218.875563101494,54576.47973040757
1619071200,54493.445385074076,54525.26016246341,54829.57230603867
1619067600,54221.322316225895,54493.445385074076,54526.079104575016
1619064000,53537.77231879813,54221.322316225895,54286.00570069445
1619060400,53796.25366361941,53537.77231879813,54026.81306488109
1619056800,53694.20646200939,53796.25366361941,54017.29135515358
1619053200,54051.24055841982,53694.20646200939,54562.04373954737
1619049600,53913.34616343146,54051.24055841982,54076.15781510335
1619046000,54146.289946292425,53913.34616343146,54272.162534694675
1619042400,54710.994506793395,54146.289946292425,54996.73492741206
1619038800,54979.718238565285,54710.994506793395,55179.99881381469
1619035200,55352.76239290831,54979.718238565285,55523.89639900285
1619031600,55317.708688019244,55352.76239290831,55679.34842232444
1619028000,55544.82207183827,55317.708688019244,55599.64214094882
1619024400,55715.31298689223,55544.82207183827,55771.90009769303
1619020800,56239.51326134057,55715.31298689223,56280.945220685244
1619017200,56168.13262870941,56239.51326134057,56321.412773288364
1619013600,55492.47169337855,56168.13262870941,56256.24051979097
1619010000,55466.1974297953,55492.47169337855,55624.02170490494
1619006400,54600.30214826121,55466.1974297953,55549.217443369744
1619002800,54932.596044421705,54600.30214826121,55078.2911760357
1618999200,55468.749756407524,54932.596044421705,55589.73794251733
1618995600,55430.37190813312,55468.749756407524,55702.31596725157
1618992000,55282.32547016734,55430.37190813312,55594.73855584167
1618988400,55459.22219981398,55282.32547016734,55678.6724632616
1618984800,55375.86204268601,55459.22219981398,55757.6572328632
1618981200,55256.790496198235,55375.86204268601,55624.22818053883
1618977600,55292.891870230764,55256.790496198235,55531.99409085031
1618974000,56102.606968523396,55292.891870230764,56157.84436540224
1618970400,56063.965413222984,56102.606968523396,56220.98140526638
1618966800,55656.05817508277,56063.965413222984,56118.0925217401
1618963200,56459.67491864955,55656.05817508277,56765.59799978855
1618959600,56430.90862610586,56459.67491864955,56566.37534135328
1618956000,57006.353415649006,56430.90862610586,57065.13451719659
1618952400,56783.45888337113,57006.353415649006,57006.353415649006
1618948800,56502.976554057896,56783.45888337113,57000.01352658922
1618945200,56308.045834729244,56502.976554057896,56730.876395998486
1618941600,55946.581594871444,56308.045834729244,56419.693371230365
1618938000,55797.49026904182,55946.581594871444,55947.20596730503
1618934400,55416.126607166065,55797.49026904182,55797.49026904182
1618930800,55400.413296334846,55416.126607166065,55586.17003884193
1618927200,56403.91708514354,55400.413296334846,56469.37981040525
1618923600,55984.146385506734,56403.91708514354,56403.91708514354
1618920000,56204.357929882295,55984.146385506734,56306.595666858186
1618916400,55964.76718375963,56204.357929882295,56359.26756168033
1618912800,55156.64051879865,55964.76718375963,56117.67422454514
1618909200,55216.37433028949,55156.64051879865,55338.03452989457
1618905600,54358.826285621566,55216.37433028949,55285.65294648951
1618902000,53818.78032742264,54358.826285621566,54358.826285621566
1618898400,55055.24821744008,53818.78032742264,55125.639408890165
1618894800,55311.704492130586,55055.24821744008,55443.40101502638
1618891200,54593.693167349724,55311.704492130586,55344.89807417903
1618887600,54313.11613758275,54593.693167349724,54742.8741389895
1618884000,54860.62220879633,54313.11613758275,54908.00810454356
1618880400,54661.66440487769,54860.62220879633,55171.126622135984
1618876800,55701.025912400175,54661.66440487769,55724.16905423013
1618873200,55967.706731786326,55701.025912400175,56182.40204298221
1618869600,56308.64131381268,55967.706731786326,56311.531551347805
1618866000,56155.802462176915,56308.64131381268,56537.068950261055
1618862400,55838.6348914706,56155.802462176915,56385.591980016485
1618858800,55636.321708389834,55838.6348914706,56081.377561826324
1618855200,55417.11303046785,55636.321708389834,55780.70692943342
1618851600,54804.58312291798,55417.11303046785,55451.23246284369
1618848000,54797.02595518796,54804.58312291798,55319.068658533964
1618844400,55484.64131328672,54797.02595518796,55484.64131328672
1618840800,56423.15689084283,55484.64131328672,56710.12694161015
1618837200,56599.2177432537,56423.15689084283,56747.710014937926
1618833600,57136.40192145005,56599.2177432537,57136.40192145005
1618830000,56545.66910642816,57136.40192145005,57257.4466549944
1618826400,56743.16557813351,56545.66910642816,56803.05598640391
1618822800,56879.1729888321,56743.16557813351,57106.09317008045
1618819200,57401.24069838768,56879.1729888321,57508.76922936366
1618815600,57297.076830636186,57401.24069838768,57466.50409372767
1618812000,56626.39155728285,57297.076830636186,57297.076830636186
1618808400,57012.17051604699,56626.39155728285,57022.15151273317
1618804800,57112.13977296307,57012.17051604699,57227.3262338942
1618801200,56957.541677279885,57112.13977296307,57322.36948633453
1618797600,56978.91299164108,56957.541677279885,57223.49249262904
1618794000,56842.328299282584,56978.91299164108,57118.25751487439
1618790400,56231.95721378631,56842.328299282584,56856.09679069666
1618786800,56574.583111001244,56231.95721378631,56635.608747963175
1618783200,56361.89980317551,56574.583111001244,56719.25648598129
1618779600,56204.818222244525,56361.89980317551,56369.8671163309
1618776000,55771.06361557684,56204.818222244525,56337.82425927917
1618772400,55550.06318358579,55771.06361557684,55839.395699720364
1618768800,55196.04611663378,55550.06318358579,55677.479848078336
1618765200,55524.45100937329,55196.04611663378,55687.79891060558
1618761600,55521.02134672727,55524.45100937329,56002.25101964498
1618758000,55144.40156175767,55521.02134672727,55533.559050964504
1618754400,55342.62063654615,55144.40156175767,55822.37023914779
1618750800,54992.37106610164,55342.62063654615,55356.87976562655
1618747200,53695.034019793435,54992.37106610164,54992.37106610164
1618743600,54892.95065583161,53695.034019793435,55122.85419617326
1618740000,54864.2936648307,54892.95065583161,55331.07016475329
1618736400,55080.18576304999,54864.2936648307,55262.00323736122
1618732800,56224.50704971191,55080.18576304999,56401.44386632872
1618729200,55865.073988664044,56224.50704971191,56540.88193620646
1618725600,55726.68266889751,55865.073988664044,56394.63322914763
1618722000,55426.24929915881,55726.68266889751,55839.90620391452
1618718400,55786.95623766174,55426.24929915881,56258.94822392028
1618714800,58873.63222160649,55786.95623766174,58955.197622237414
1618711200,59248.48032803025,58873.63222160649,59435.872559945885
1618707600,59558.83168113119,59248.48032803025,59687.01573681734
1618704000,60074.87155271549,59558.83168113119,60348.25444970275
1618700400,60720.191009372546,60074.87155271549,60801.17779786837
1618696800,60746.51214727662,60720.191009372546,60811.927451485164
1618693200,60828.320575306374,60746.51214727662,60959.691204183924
1618689600,60704.408175421195,60828.320575306374,60886.05979429084
1618686000,60367.20641587889,60704.408175421195,60735.318858605904
1618682400,59844.98319985371,60367.20641587889,60474.28428155703
1618678800,60441.44518609624,59844.98319985371,60587.92729862993
1618675200,60073.45037451155,60441.44518609624,60644.814360892306
1618671600,60744.90935371575,60073.45037451155,60744.90935371575
1618668000,61056.56591922902,60744.90935371575,61203.85504794337
1618664400,61069.542894794045,61056.56591922902,61149.650601989066
1618660800,60952.20916518478,61069.542894794045,61080.99575452627
1618657200,61344.62372390094,60952.20916518478,61423.86361364548
1618653600,61670.398230553415,61344.62372390094,61858.782693445166
1618650000,62363.63975352232,61670.398230553415,62434.90018510053
1618646400,62150.18030252217,62363.63975352232,62363.63975352232
1618642800,62037.23619949064,62150.18030252217,62318.7860664159
1618639200,62146.14353961154,62037.23619949064,62180.90063021847
1618635600,62217.62714854031,62146.14353961154,62321.1294341479
1618632000,62402.42452754696,62217.62714854031,62459.918074318295
1618628400,62234.29660846289,62402.42452754696,62499.066481136746
1618624800,62045.77989185354,62234.29660846289,62328.21075848335
1618621200,61600.46581402309,62045.77989185354,62045.77989185354
1618617600,61399.23946432994,61600.46581402309,61735.49676378816
1618614000,61566.931374560154,61399.23946432994,61681.055730764696
1618610400,61853.35720568705,61566.931374560154,61983.876691586986
1618606800,61998.832540166004,61853.35720568705,62110.707834832145
1618603200,61839.5885538287,61998.832540166004,62024.57003225581
1618599600,61817.18390163183,61839.5885538287,61851.60866688267
1618596000,61684.50177739462,61817.18390163183,61844.424317137484
1618592400,61722.710296157245,61684.50177739462,61852.8146726492
1618588800,61704.49463407211,61722.710296157245,61811.44751793965
1618585200,61430.9339442261,61704.49463407211,61704.49463407211
1618581600,60653.443402976955,61430.9339442261,61569.92699080081
1618578000,60801.98147061557,60653.443402976955,61241.03456928585
1618574400,60732.59499997827,60801.98147061557,61033.48471040483
1618570800,60389.07666308797,60732.59499997827,60814.01233499897
1618567200,60707.22782620769,60389.07666308797,60923.439629794055
1618563600,61230.3702714662,60707.22782620769,61238.623698231546
1618560000,61328.89765368697,61230.3702714662,61618.32199763077
1618556400,61379.62297534712,61328.89765368697,61610.34287109833
1618552800,61787.57968019748,61379.62297534712,61787.57968019748
1618549200,61699.541702898656,61787.57968019748,62182.79064989224
1618545600,62946.178024086366,61699.541702898656,62953.512443340194
1618542000,62856.4125848552,62946.178024086366,63166.42917199322
1618538400,63071.31702907271,62856.4125848552,63193.196632896856
1618534800,63404.92128888657,63071.31702907271,63469.38744143138
1618531200,63236.84963768725,63404.92128888657,63518.01477784234
1618527600,63330.27674304611,63236.84963768725,63355.28597896243
1618524000,63378.02753411415,63330.27674304611,63538.87330739784
1618520400,63381.525165064835,63378.02753411415,63696.86748681383
1618516800,63457.217245018684,63381.525165064835,63592.990003335304
1618513200,62763.5310738152,63457.217245018684,63579.709665613176
1618509600,62603.14159721366,62763.5310738152,62820.45165485003
1618506000,62678.60328827905,62603.14159721366,62717.531633863786
1618502400,62747.89079769974,62678.60328827905,62956.063323139584
1618498800,62641.63624673772,62747.89079769974,62808.00975014184
1618495200,62992.53661705258,62641.63624673772,62996.28527544805
1618491600,62705.45833327539,62992.53661705258,63040.491104214685
1618488000,62321.22093805716,62705.45833327539,62732.11089184624
1618484400,62164.03545712612,62321.22093805716,62404.53704799405
1618480800,62603.36549897873,62164.03545712612,62666.609727427494
1618477200,62591.77823237481,62603.36549897873,62783.12216708459
1618473600,62889.371142342556,62591.77823237481,63050.46307132797
1618470000,62997.75401588146,62889.371142342556,63123.05606778723
1618466400,63218.61246632687,62997.75401588146,63250.40746546354
1618462800,62958.483928363385,63218.61246632687,63218.61246632687
1618459200,63051.67955791306,62958.483928363385,63401.15401552325
1618455600,62814.47984118927,63051.67955791306,63158.54316633104
1618452000,62706.834843554934,62814.47984118927,62975.44135158334
1618448400,62749.72731878269,62706.834843554934,63127.950693407074
1618444800,62955.99926402666,62749.72731878269,63324.21181371705
1618441200,62808.36494251048,62955.99926402666,62992.472594257255
1618437600,62609.01260349961,62808.36494251048,62957.04879434956
1618434000,62346.08409237845,62609.01260349961,62786.285075349086
1618430400,62088.79289877808,62346.08409237845,62376.25786429642
1618426800,62058.313502564386,62088.79289877808,62409.74234580766
1618423200,62070.8483943199,62058.313502564386,62604.818207257274
1618419600,63436.339698758384,62070.8483943199,63667.936208858664
1618416000,63085.22448135699,63436.339698758384,63638.36602422013
1618412400,62986.54198444625,63085.22448135699,63328.03624445108
1618408800,63789.39866348734,62986.54198444625,63789.39866348734
1618405200,63944.9548754498,63789.39866348734,64398.27089609571
1618401600,64523.46570047427,63944.9548754498,64566.068057281285
1618398000,64308.57573930787,64523.46570047427,64661.87986750351
1618394400,63704.71758242883,64308.57573930787,64308.57573930787
1618390800,63987.91491918825,63704.71758242883,64128.90158859499
1618387200,64410.247619989976,63987.91491918825,64548.27400548345
1618383600,64582.55157025784,64410.247619989976,64619.50384670638
1618380000,63988.38496421181,64582.55157025784,64785.9490157177
1618376400,64246.891606193676,63988.38496421181,64499.82983796513
1618372800,63773.18693700737,64246.891606193676,64246.891606193676
1618369200,63186.65605431867,63773.18693700737,63773.18693700737
1618365600,63365.33299435951,63186.65605431867,63464.457882562914
1618362000,63305.834576633286,63365.33299435951,63468.12339662708
1618358400,63534.71660550196,63305.834576633286,63749.19685620768
1618354800,63243.023113892115,63534.71660550196,63578.57646885643
1618351200,63157.78472342319,63243.023113892115,63243.023113892115
1618347600,63180.453436176285,63157.78472342319,63239.877780109295
1618344000,63093.36068757391,63180.453436176285,63180.76551475777
1618340400,62744.71977529571,63093.36068757391,63093.36068757391
1618336800,63335.90283567281,62744.71977529571,63517.40183520737
1618333200,63060.70780874972,63335.90283567281,63335.90283567281
1618329600,63377.69425324635,63060.70780874972,63615.597514242625
1618326000,62952.488794075914,63377.69425324635,63583.61136226179
1618322400,62817.88624914473,62952.488794075914,62991.08491174639
1618318800,63015.76568308033,62817.88624914473,63042.893640301736
1618315200,62838.391678677,63015.76568308033,63195.09623583674
1618311600,62696.1464681605,62838.391678677,63030.675075970285
1618308000,62879.176827841926,62696.1464681605,62990.46355311563
1618304400,62584.46305283427,62879.176827841926,63099.650674326884
1618300800,61006.31438090202,62584.46305283427,62716.47508066511
1618297200,60816.5437090708,61006.31438090202,61142.59505719517
1618293600,60694.7930576628,60816.5437090708,61317.070270039774
1618290000,60565.15008679573,60694.7930576628,60769.982019556206
1618286400,60438.784701535464,60565.15008679573,60590.08816266498
1618282800,60952.479200511276,60438.784701535464,61033.55486974208
1618279200,60697.62883172775,60952.479200511276,60952.479200511276
1618275600,60422.17436700682,60697.62883172775,60709.609673954976
1618272000,59845.544531861655,60422.17436700682,60443.31835378966
1618268400,60035.14023842101,59845.544531861655,60078.01682308019
1618264800,59988.053752977896,60035.14023842101,60039.25334735678
1618261200,59997.92196767861,59988.053752977896,60030.112204290315
1618257600,60034.030002540676,59997.92196767861,60185.45329041846
1618254000,59924.773397300894,60034.030002540676,60081.31760739368
1618250400,59724.0733144704,59924.773397300894,59956.89808698036
1618246800,59934.81606704074,59724.0733144704,59934.81606704074
1618243200,59903.10304038629,59934.81606704074,60062.53228336971
1618239600,59961.851526720115,59903.10304038629,60079.830407788024
1618236000,60289.130750266566,59961.851526720115,60334.51873545561
1618232400,60435.166129635,60289.130750266566,60543.030140236304
1618228800,60230.326320711814,60435.166129635,60525.70269447257
1618225200,59757.6292256366,60230.326320711814,60230.326320711814
1618221600,59973.61538981189,59757.6292256366,60238.743622687085
1618218000,60661.0247196556,59973.61538981189,60797.500694847535
1618214400,60725.19440484853,60661.0247196556,60771.33611670568
1618210800,60767.71679893036,60725.19440484853,61156.1851738766
1618207200,60149.50980518411,60767.71679893036,60774.106463964774
1618203600,60133.45308456087,60149.50980518411,60232.274357889306
1618200000,60316.983868015355,60133.45308456087,60574.17486478733
1618196400,59666.040982776685,60316.983868015355,60347.91154099937
1618192800,59867.10844187115,59666.040982776685,59867.2078083232
1618189200,59799.65004473232,59867.10844187115,60089.44773723785
1618185600,60000.660377341665,59799.65004473232,60276.901509883966
1618182000,60039.29293523679,60000.660377341665,60060.55152107022
1618178400,59528.74719559725,60039.29293523679,60068.5872825929
1618174800,59652.829109061335,59528.74719559725,59652.829109061335
1618171200,59670.57154612325,59652.829109061335,59744.19309832425
1618167600,59849.36924326128,59670.57154612325,60119.46610050177
1618164000,59816.648993323746,59849.36924326128,59893.594059550145
1618160400,59517.346386235215,59816.648993323746,59900.064263149034
1618156800,59666.08957151785,59517.346386235215,59721.32579417257
1618153200,59658.27895147025,59666.08957151785,59729.70019887902
1618149600,59396.275828758924,59658.27895147025,59658.27895147025
1618146000,59686.529601675655,59396.275828758924,59705.81404256282
1618142400,59665.040404775835,59686.529601675655,59774.31834361283
1618138800,59558.84016912453,59665.040404775835,59775.54794501972
1618135200,59608.571943937386,59558.84016912453,59899.87307450486
1618131600,59949.84038001097,59608.571943937386,59978.4601331675
1618128000,59733.613077999544,59949.84038001097,60071.01970074176
1618124400,59738.6378119597,59733.613077999544,59751.25839446083
1618120800,59718.125868404415,59738.6378119597,59844.30344507447
1618117200,59915.65184116534,59718.125868404415,59975.55419145665
1618113600,60270.62552913004,59915.65184116534,60294.28775436496
1618110000,60498.800164893146,60270.62552913004,60624.81919724858
1618106400,60500.77882638061,60498.800164893146,60558.876653781845
1618102800,60095.44573905901,60500.77882638061,60540.6400929104
1618099200,59766.70623617261,60095.44573905901,60346.45244042075
1618095600,59155.0662380358,59766.70623617261,59808.54850482204
1618092000,59118.90699809135,59155.0662380358,59380.87263607652
1618088400,58768.83580220588,59118.90699809135,59213.05879678269
1618084800,59647.981833603764,58768.83580220588,59738.3378723152
1618081200,59928.10370370031,59647.981833603764,59971.917863685834
1618077600,59943.8336968711,59928.10370370031,60040.868409210576
1618074000,60212.57798309119,59943.8336968711,60212.83010771715
1618070400,60273.43259754722,60212.57798309119,60478.681437880754
1618066800,60390.046443578794,60273.43259754722,60433.67429788488
1618063200,60469.41893548427,60390.046443578794,60486.84637121742
1618059600,60058.986866635554,60469.41893548427,60469.41893548427
1618056000,60534.80855732228,60058.986866635554,60667.35556824069
1618052400,60646.431392695704,60534.80855732228,60682.51787753835
1618048800,60742.055688600034,60646.431392695704,60946.23199185066
1618045200,60539.21706189363,60742.055688600034,60762.14920648292
1618041600,60423.09085016528,60539.21706189363,60781.94563964466
1618038000,60628.0938179216,60423.09085016528,60783.94255054454
1618034400,60910.280879656406,60628.0938179216,60925.19979637155
1618030800,61114.76704221181,60910.280879656406,61122.6778186465
1618027200,59371.70698924785,61114.76704221181,61114.76704221181
1618023600,58935.763053142226,59371.70698924785,59371.70698924785
1618020000,58487.45297152703,58935.763053142226,58935.763053142226
1618016400,58130.99572461723,58487.45297152703,58487.45297152703
1618012800,58106.3921597173,58130.99572461723,58268.41912100628
1618009200,58004.23298809576,58106.3921597173,58148.01805678063
1618005600,58249.17625659126,58004.23298809576,58335.66327825014
1618002000,58329.925638742934,58249.17625659126,58502.96487386794
1617998400,58373.43104366845,58329.925638742934,58581.63195960542
1617994800,58373.13502099051,58373.43104366845,58456.77575098682
1617991200,58387.514566538484,58373.13502099051,58479.957369796575
1617987600,58162.25419531996,58387.514566538484,58409.67796468008
1617984000,58162.7556093223,58162.25419531996,58223.340828510765
1617980400,58251.38194002273,58162.7556093223,58328.65383592416
1617976800,58403.40060627791,58251.38194002273,58473.915950776725
1617973200,58486.07445487874,58403.40060627791,58723.640167127014
1617969600,58496.50979230966,58486.07445487874,58671.23794714779
1617966000,58552.87032909182,58496.50979230966,58837.59513453001
1617962400,58055.72309369022,58552.87032909182,58552.87032909182
1617958800,57757.50280253096,58055.72309369022,58055.72309369022
1617955200,57950.119009032474,57757.50280253096,58023.47709813123
1617951600,57766.58422449203,57950.119009032474,58007.006368055394
1617948000,57951.21733184392,57766.58422449203,58079.54644461581
1617944400,58176.00668847249,57951.21733184392,58254.17875139199
1617940800,58030.21026918193,58176.00668847249,58176.00668847249
1617937200,57876.70733478099,58030.21026918193,58165.28106366246
1617933600,57973.36327519951,57876.70733478099,58138.39899347444
1617930000,58265.88498393196,57973.36327519951,58348.96847338013
1617926400,58034.634585839915,58265.88498393196,58325.86815773661
1617922800,57897.93774453338,58034.634585839915,58034.634585839915
1617919200,57645.373058041005,57897.93774453338,57949.75144469281
1617915600,57648.80912431008,57645.373058041005,57681.65674192911
1617912000,57699.37173525998,57648.80912431008,57756.509932878835
1617908400,57924.819025069184,57699.37173525998,57952.14518918665
1617904800,57743.52867595297,57924.819025069184,58095.487041646615
1617901200,57691.934445881416,57743.52867595297,58093.12424961974
1617897600,57718.773653416225,57691.934445881416,57922.51049282787
1617894000,57625.067691301854,57718.773653416225,57823.363572597686
1617890400,57375.96002555588,57625.067691301854,57820.379115833624
1617886800,57326.38981841515,57375.96002555588,57595.336811981135
1617883200,56426.69702993379,57326.38981841515,57506.23649189669
1617879600,56705.28531935999,56426.69702993379,56722.63553989312
1617876000,56674.01311351912,56705.28531935999,56775.146827225704
1617872400,56920.90721796947,56674.01311351912,56989.858817186556
1617868800,57023.56888551408,56920.90721796947,57210.72142783125
1617865200,57131.238002757505,57023.56888551408,57209.16557680343
1617861600,56873.19552826875,57131.238002757505,57209.81593716922
1617858000,56918.10456224495,56873.19552826875,57006.27673456232
1617854400,56528.43237259478,56918.10456224495,57020.800101193934
1617850800,56461.41034240334,56528.43237259478,56606.17359821606
1617847200,56421.49263357547,56461.41034240334,56507.35836386163
1617843600,56342.436869928475,56421.49263357547,56622.441620747995
1617840000,55918.14439080495,56342.436869928475,56454.343954833115
1617836400,56415.69575546156,55918.14439080495,56512.02117307496
1617832800,56110.72881354101,56415.69575546156,56505.5478867168
1617829200,56149.4920542547,56110.72881354101,56317.21407679031
1617825600,56074.99409733034,56149.4920542547,56149.4920542547
1617822000,55788.70163549482,56074.99409733034,56074.99409733034
1617818400,56157.099378531086,55788.70163549482,56342.41468219977
1617814800,56454.95207466503,56157.099378531086,56540.89345646749
1617811200,56375.47660538029,56454.95207466503,56733.30240652906
1617807600,56786.943531433855,56375.47660538029,56830.528453417486
1617804000,56712.38541511928,56786.943531433855,56853.00777584442
1617800400,56374.07966825836,56712.38541511928,56751.38398047265
1617796800,56276.65065453953,56374.07966825836,56534.86556172626
1617793200,56779.51914329973,56276.65065453953,57045.49596128745
1617789600,57428.8132587328,56779.51914329973,57519.93037534031
1617786000,57723.66989271056,57428.8132587328,57760.01688947892
1617782400,57749.592225650034,57723.66989271056,57814.43531821464
1617778800,57968.34808531653,57749.592225650034,58026.824861377136
1617775200,58416.169912196536,57968.34808531653,58579.19336120683
1617771600,57640.851101003835,58416.169912196536,58416.169912196536
1617768000,57916.6307566315,57640.851101003835,57917.569214982424
1617764400,57740.30348083099,57916.6307566315,58050.35691144752
1617760800,57546.303156403366,57740.30348083099,57831.759874872245
1617757200,57631.72560534498,57546.303156403366,57631.72560534498
1617753600,57975.709156569435,57631.72560534498,58153.745118641644
1617750000,57869.331560903054,57975.709156569435,58127.390329246795
1617746400,57905.68156834903,57869.331560903054,58001.8655277472
1617742800,58164.315666150345,57905.68156834903,58208.375241019254
1617739200,58200.82726608269,58164.315666150345,58268.31536490065
1617735600,58202.465996637475,58200.82726608269,58202.465996637475
1617732000,58137.7450408189,58202.465996637475,58217.213409789925
1617728400,58046.15877570012,58137.7450408189,58217.58107413843
1617724800,57784.34942520479,58046.15877570012,58127.08755363075
1617721200,57878.4465855686,57784.34942520479,57972.952395337496
1617717600,58053.92708252636,57878.4465855686,58371.49731331396
1617714000,58469.33779189925,58053.92708252636,58581.34625198672
1617710400,58519.99805162564,58469.33779189925,58949.1768374839
1617706800,58417.82218099714,58519.99805162564,58519.99805162564
1617703200,58599.86766403219,58417.82218099714,58671.310135530905
1617699600,58472.529682270724,58599.86766403219,58680.7679307064
1617696000,58468.03493444442,58472.529682270724,58801.75921860599
1617692400,58797.40371355902,58468.03493444442,58842.13053602978
1617688800,58771.02433886176,58797.40371355902,58909.114063216504
1617685200,58742.16173544729,58771.02433886176,58960.59973615077
1617681600,58618.57637297114,58742.16173544729,58819.83207700504
1617678000,58733.19305769492,58618.57637297114,58883.67788604143
1617674400,58785.46705293499,58733.19305769492,58807.44044174345
1617670800,59292.84980623263,58785.46705293499,59425.59802808396
1617667200,59244.50321707385,59292.84980623263,59380.2554626257
1617663600,58842.52235175724,59244.50321707385,59244.50321707385
1617660000,58640.208659017495,58842.52235175724,58914.131277449655
1617656400,58773.70957597615,58640.208659017495,58856.04868512723
1617652800,58992.49119101757,58773.70957597615,59045.94678537644
1617649200,58849.99861841244,58992.49119101757,59043.93974224889
1617645600,58975.40345677439,58849.99861841244,58977.91624694346
1617642000,58953.79749664452,58975.40345677439,59007.54781682272
1617638400,59006.47969132453,58953.79749664452,59175.62960738574
1617634800,59086.822377067314,59006.47969132453,59099.1094200733
1617631200,58106.50896138109,59086.822377067314,59086.822377067314
1617627600,57985.223537587284,58106.50896138109,58106.50896138109
1617624000,57743.93742524669,57985.223537587284,58099.79329877203
1617620400,57637.74211131855,57743.93742524669,57743.93742524669
1617616800,57477.98849353421,57637.74211131855,57665.24351945511
1617613200,57106.9123716419,57477.98849353421,57477.98849353421
1617609600,57288.3848394269,57106.9123716419,57319.690970810945
1617606000,57061.77411017818,57288.3848394269,57317.90432329061
1617602400,56908.904501424106,57061.77411017818,57252.784230822006
1617598800,57320.53692725155,56908.904501424106,57329.03790628359
1617595200,57463.62908666946,57320.53692725155,57562.744615447285
1617591600,57517.8409288697,57463.62908666946,57693.69506155289
1617588000,57751.024067811464,57517.8409288697,57760.46195077721
1617584400,57910.55956741668,57751.024067811464,57910.55956741668
1617580800,58315.12845783763,57910.55956741668,58357.69960371002
1617577200,58122.37291394291,58315.12845783763,58315.12845783763
1617573600,58027.46467899036,58122.37291394291,58161.15709393968
1617570000,58009.225383952114,58027.46467899036,58144.13334104989
1617566400,57937.867701292555,58009.225383952114,58026.82529766811
1617562800,58083.950766963615,57937.867701292555,58145.89178066362
1617559200,58216.502221700895,58083.950766963615,58220.00365091927
1617555600,58012.6048870127,58216.502221700895,58221.79899335208
1617552000,57782.01097468007,58012.6048870127,58038.764673717866
1617548400,58129.10486049733,57782.01097468007,58429.153336958276
1617544800,58127.66934113089,58129.10486049733,58280.61648447695
1617541200,57775.352445672484,58127.66934113089,58127.66934113089
1617537600,57227.1797255457,57775.352445672484,57916.37156740051
1617534000,57658.06752883301,57227.1797255457,57704.22367056665
1617530400,57645.60985696328,57658.06752883301,57701.90558249172
1617526800,57421.88504063452,57645.60985696328,57648.38118615342
1617523200,57534.804531267684,57421.88504063452,57640.51546635128
1617519600,57364.104365751664,57534.804531267684,57534.804531267684
1617516000,57462.925507534994,57364.104365751664,57499.22754500508
1617512400,57543.55149861849,57462.925507534994,57592.95978519127
1617508800,57544.202341784374,57543.55149861849,57574.75862015728
1617505200,57340.77660075359,57544.202341784374,57557.26969589483
1617501600,57023.36118180013,57340.77660075359,57382.846871424656
1617498000,56787.34259882036,57023.36118180013,57091.955181308826
1617494400,56724.742551829986,56787.34259882036,57143.77463686485
1617490800,57411.084054375584,56724.742551829986,57702.32229712677
1617487200,57635.22397549259,57411.084054375584,57682.9389778983
1617483600,58013.294975621335,57635.22397549259,58191.02604798673
1617480000,58466.41944736171,58013.294975621335,58477.71456909137
1617476400,58410.157967194114,58466.41944736171,58639.156255806665
1617472800,58029.16880380851,58410.157967194114,58415.427474453936
1617469200,58733.58641760392,58029.16880380851,58742.497275043985
1617465600,58705.19830812057,58733.58641760392,59069.959028885234
1617462000,59099.62453234742,58705.19830812057,59167.840482039996
1617458400,59362.920317744756,59099.62453234742,59380.04821922524
1617454800,59248.71550342581,59362.920317744756,59399.05906640936
1617451200,59230.36481301585,59248.71550342581,59381.37194781245
1617447600,59320.88117187626,59230.36481301585,59387.97970022862
1617444000,59364.87897207741,59320.88117187626,59606.25589248571
1617440400,59074.76947462718,59364.87897207741,59364.87897207741
1617436800,59252.616986206034,59074.76947462718,59661.851819638236
1617433200,59332.376767270085,59252.616986206034,59371.16455353603
1617429600,59401.289771177224,59332.376767270085,59456.452275736214
1617426000,59347.49976697623,59401.289771177224,59465.34879407941
1617422400,59195.86417509846,59347.49976697623,59365.77070269795
1617418800,59327.52852668647,59195.86417509846,59352.16486354958
1617415200,59209.915520197894,59327.52852668647,59327.52852668647
1617411600,59317.93425694234,59209.915520197894,59372.47013706441
1617408000,58992.94469948462,59317.93425694234,59374.21834876719
1617404400,58803.78439064282,58992.94469948462,59136.687441837305
1617400800,58690.567622369264,58803.78439064282,58881.00386319962
1617397200,58536.23480503356,58690.567622369264,58813.90605543841
1617393600,58801.55092085034,58536.23480503356,58886.337100843404
1617390000,59067.71173716376,58801.55092085034,59067.71173716376
1617386400,59160.46250493411,59067.71173716376,59217.316036193486
1617382800,59186.405862753374,59160.46250493411,59216.750778423164
1617379200,59482.57202935227,59186.405862753374,59535.10563537653
1617375600,59308.737229538565,59482.57202935227,59553.759298649056
1617372000,59174.66303631331,59308.737229538565,59325.19165939403
1617368400,59455.458536567334,59174.66303631331,59504.981384218256
1617364800,59560.87114515522,59455.458536567334,59560.87114515522
1617361200,59578.99304161683,59560.87114515522,59627.86646257532
1617357600,59606.04244072586,59578.99304161683,59616.402829869556
1617354000,59452.36216369404,59606.04244072586,59634.827619636635
1617350400,59513.94608777379,59452.36216369404,59531.37958160749
1617346800,59513.37422687939,59513.94608777379,59654.6867846818
1617343200,59516.36540075855,59513.37422687939,59589.081824599496
1617339600,59547.44143302248,59516.36540075855,59591.40898412073
1617336000,59774.14994954175,59547.44143302248,59904.94534472103
1617332400,59570.77082297943,59774.14994954175,59925.56491401064
1617328800,58829.47525499563,59570.77082297943,59977.79964036472
1617325200,58661.63395798085,58829.47525499563,58931.902225957805
1617321600,58699.153777299674,58661.63395798085,58825.06565105902
1617318000,58958.244781495174,58699.153777299674,58966.30893195887
1617314400,58740.39624855553,58958.244781495174,58958.244781495174
1617310800,58824.57885633973,58740.39624855553,58866.713858148265
1617307200,58885.38247997551,58824.57885633973,58938.19504427652
1617303600,58670.40387680632,58885.38247997551,58885.38247997551
1617300000,58395.420260342886,58670.40387680632,58724.31009401767
1617296400,58735.28651340298,58395.420260342886,58755.987703989325
1617292800,58975.03073998645,58735.28651340298,59074.026374460045
1617289200,59034.41704115834,58975.03073998645,59183.58384800485
1617285600,58874.848917257026,59034.41704115834,59037.61866808201
1617282000,58738.51570239959,58874.848917257026,59044.14427776573
1617278400,58440.398647938906,58738.51570239959,58738.51570239959
1617274800,58516.211550569555,58440.398647938906,58611.88321257723
1617271200,58825.79439721042,58516.211550569555,58909.210390912536
1617267600,58843.29953491618,58825.79439721042,59149.99962348011
1617264000,58865.04184435126,58843.29953491618,59349.94779584231
1617260400,58666.226100663785,58865.04184435126,58902.780452841966
1617256800,58836.6580019601,58666.226100663785,58967.405180737675
1617253200,58847.96933721751,58836.6580019601,58949.15546710653
1617249600,59018.274615850765,58847.96933721751,59205.1944476476
1617246000,59078.140838971885,59018.274615850765,59138.261617335884
1617242400,59227.07024842165,59078.140838971885,59244.09933992824
1617238800,59179.94556715984,59227.07024842165,59282.211291004605
1617235200,58918.07030822315,59179.94556715984,59179.94556715984
1617231600,58659.88887582419,58918.07030822315,58918.07030822315
1617228000,58926.66371310721,58659.88887582419,58951.10538943359
1617224400,58976.03127081646,58926.66371310721,59242.40529220525
1617220800,58734.65809674901,58976.03127081646,59038.325774227065
1617217200,59280.83237037964,58734.65809674901,59531.317393489146
1617213600,59232.414527788824,59280.83237037964,59517.100759222594
1617210000,59003.109370037135,59232.414527788824,59292.636290704744
1617206400,59281.19965139333,59003.109370037135,59591.12593636385
1617202800,58817.0139160844,59281.19965139333,59354.55633678768
1617199200,58542.52503314267,58817.0139160844,58817.0139160844
1617195600,58158.53599827368,58542.52503314267,58708.809544975426
1617192000,57835.86524204228,58158.53599827368,58302.521442150726
1617188400,57725.72570749248,57835.86524204228,58097.52833458028
1617184800,57892.75334482143,57725.72570749248,58042.95922709955
1617181200,57916.16027025821,57892.75334482143,58158.122156805635
1617177600,57784.37863975967,57916.16027025821,58226.447774216686
1617174000,59726.453201117525,57784.37863975967,59727.71450189299
1617170400,58717.496656353054,59726.453201117525,59726.453201117525
1617166800,58739.73698926991,58717.496656353054,58739.73698926991
1617163200,58581.39301212702,58739.73698926991,58752.006841747694
1617159600,58681.37366740374,58581.39301212702,58689.33935572617
1617156000,58920.928626849476,58681.37366740374,58920.928626849476
1617152400,58983.07518522617,58920.928626849476,59023.159029947456
1617148800,58776.3844378348,58983.07518522617,59001.38034527203
1617145200,58696.12237952253,58776.3844378348,58776.3844378348
1617141600,58773.33434382427,58696.12237952253,58882.1921048162
1617138000,58675.941391350374,58773.33434382427,58781.15951885384
1617134400,59014.59629586045,58675.941391350374,59062.28225460846
1617130800,58849.7619750301,59014.59629586045,59014.59629586045
1617127200,58719.34827470613,58849.7619750301,59085.16840237467
1617123600,58759.536016042985,58719.34827470613,58837.82003827221
1617120000,58591.2274491737,58759.536016042985,58784.73697710912
1617116400,58873.49342320019,58591.2274491737,58893.3002131174
1617112800,58878.36802766236,58873.49342320019,58967.184038828855
1617109200,59206.86937460219,58878.36802766236,59267.362036538594
1617105600,59241.86818741237,59206.86937460219,59375.21133926995
1617102000,58856.54811899955,59241.86818741237,59242.331948264706
1617098400,58820.320354179654,58856.54811899955,59263.68467573209
1617094800,57932.20632576185,58820.320354179654,58831.30990096931
1617091200,58152.808249216854,57932.20632576185,58160.41514296301
1617087600,58048.00933263442,58152.808249216854,58198.981009667485
1617084000,57603.49131989613,58048.00933263442,58209.21319000897
1617080400,57473.069081905094,57603.49131989613,57629.25565967558
1617076800,57097.88985294432,57473.069081905094,57721.2266197725
1617073200,57198.09559589117,57097.88985294432,57294.44637022221
